topic,n_search_hits,channels,top15_median_views,crowd_top15_%_from_>=1M_subs,share_hits_from_<10k_subs_%,distinct_<10k_channels_with_20k+
chip_fab_lithography,62,44,683768,27,11,2
transistors_logic,63,52,116606,27,38,3
cpu_gpu_architecture,87,72,513461,47,56,4
memory_storage,109,102,173199,20,74,3
data_centers,80,66,2001240,73,12,4
ai_power_energy,24,20,587145,67,33,1
physical_networks,260,234,1146766,40,57,16
local_ai_hardware_bench,88,65,771220,33,34,6
diy_hardware_builds,15,13,23690,0,47,2
llm_internals,317,253,1222665,47,57,9
neural_net_basics,102,80,484194,47,56,3
generative_images_video,44,41,39848,20,57,0
ai_industry_news,62,57,1310279,80,50,2
llm_from_scratch_code,28,22,4891,0,86,1
algorithms_visualized,86,75,42557,0,85,4
compression_crypto,12,12,1089,8,58,1
os_lowlevel,22,17,12471,0,73,1
failures_outages_bugs,146,134,362953,60,58,2
computing_history_companies,16,16,258083,20,38,2
geopolitics_of_tech,36,29,266017,33,19,3
system_design_architecture,110,98,571707,47,68,1
devtools_langs_news,72,68,581250,47,61,2
electronics_motors_engineering,43,40,1176707,60,37,0
emerging_compute_hardware,13,12,6234,15,38,0
info_theory_number_systems,16,15,543,13,69,0
how_its_made_factory,21,20,211510,13,38,2
