feature,winners_%,losers_%,diff_pp,channels_winners_more,channels_losers_more,p_perm,q_BH
physical_subject(P|R|M),48.6,37.1,11.4,11,4,0.0855,0.3499
3D_render/CGI,20.0,8.6,11.4,7,1,0.036,0.306
diagram/screenshot/code,25.7,15.7,10.0,7,2,0.0725,0.3499
photo_of_real_object,27.1,20.0,7.1,7,3,0.2599,0.6312
annotation(arrow/circle/stamp),17.1,11.4,5.7,7,4,0.4118,0.7778
heavy_text_4+words,62.9,58.6,4.3,10,8,0.6727,1.0
number_on_thumb,21.4,18.6,2.9,11,8,0.8191,1.0
brand_logo/name,31.4,30.0,1.4,7,9,1.0,1.0
no_text,11.4,11.4,0.0,4,3,1.0,1.0
any_text,88.6,88.6,0.0,3,4,1.0,1.0
face,30.0,31.4,-1.4,4,6,1.0,1.0
clean(K1),20.0,22.9,-2.9,6,7,0.7966,1.0
person-led,17.1,22.9,-5.7,4,7,0.3963,0.7778
busy(K3),37.1,42.9,-5.7,7,12,0.5047,0.858
illustration,5.7,12.9,-7.1,1,6,0.1629,0.4616
scene/footage/map,1.4,8.6,-7.1,0,5,0.1029,0.3499
text-only,2.9,11.4,-8.6,0,4,0.017,0.289
