topic,equal_weight_score,median_rank,rank_p10,rank_p90,pct_draws_top5,lift,channels_with_3x_hit,small_yield,evergreen_vpd_rel_old,top15_median_views,crowd_top15_%_from_>=1M_subs,hits_last_180d_%
ai_industry_news,0.684,2.0,1.0,12.0,0.74,1.357,18,1.0,1.57,1310279.0,80.0,32.0
llm_internals,0.68,3.0,1.0,10.0,0.76,1.339,18,0.32,1.44,1222665.0,47.0,26.0
data_centers,0.667,4.0,1.0,11.0,0.67,2.821,7,2.06,0.98,2001240.0,73.0,30.0
physical_networks,0.658,4.0,2.0,9.0,0.69,1.27,14,0.34,1.23,1146766.0,40.0,21.0
transistors_logic,0.636,5.0,1.0,10.0,0.58,1.539,7,1.0,1.85,116606.0,27.0,43.0
ai_power_energy,0.566,8.0,4.0,15.0,0.23,1.534,6,1.74,0.98,587145.0,67.0,50.0
memory_storage,0.561,8.0,3.0,12.0,0.25,1.127,6,1.74,1.0,173199.0,20.0,29.0
cpu_gpu_architecture,0.539,9.0,5.0,16.0,0.14,1.265,7,0.0,2.27,513461.0,47.0,30.0
local_ai_hardware_bench,0.539,9.0,3.0,14.0,0.22,1.158,5,2.9,0.54,771220.0,33.0,43.0
devtools_langs_news,0.535,9.0,5.0,14.0,0.17,1.045,16,1.56,0.66,581250.0,47.0,19.0
computing_history_companies,0.491,12.0,6.0,15.0,0.07,1.062,9,0.57,0.64,258083.0,20.0,14.0
generative_images_video,0.461,13.0,4.0,18.0,0.15,1.171,4,4.89,0.1,39848.0,20.0,0.0
system_design_architecture,0.456,13.0,9.0,17.0,0.0,1.138,8,0.0,0.96,571707.0,47.0,18.0
neural_net_basics,0.456,13.0,9.0,17.0,0.0,0.956,8,0.52,1.0,484194.0,47.0,0.0
os_lowlevel,0.443,14.0,5.0,18.0,0.12,1.001,4,0.0,2.39,12471.0,0.0,14.0
emerging_compute_hardware,0.443,14.0,4.0,18.0,0.14,0.97,2,3.26,0.98,6234.0,15.0,50.0
algorithms_visualized,0.43,15.0,7.0,17.0,0.06,0.929,6,1.18,0.8,42557.0,0.0,0.0
electronics_motors_engineering,0.346,18.0,11.0,19.0,0.0,0.909,5,1.18,0.27,1176707.0,60.0,43.0
failures_outages_bugs,0.241,19.0,17.0,19.0,0.0,0.982,2,0.0,0.87,362953.0,60.0,50.0
