topic,n,channels,median_mult,mean_log_resid_x,hit_rate_%,channels_with_3x_hit,small_channels_with_3x_hit,hits_last_180d_%,n_recent<=180d,median_mult_recent,n_old>=18m,evergreen_vpd_rel_old,pattern(>=3 ch)
llm_internals,164,31,1.1,1.309,18.9,18,11,26.0,48,1.1,52,1.44,YES
ai_industry_news,110,36,1.05,1.335,25.5,18,10,32.0,48,0.89,23,1.57,YES
devtools_langs_news,132,40,0.99,1.042,19.7,16,13,19.0,29,0.4,58,0.66,YES
physical_networks,112,33,1.15,1.253,25.0,14,8,21.0,37,0.99,29,1.23,YES
computing_history_companies,86,29,1.11,1.059,24.4,9,6,14.0,43,0.99,11,0.64,YES
neural_net_basics,53,23,0.95,0.957,17.0,8,4,0.0,6,0.94,27,1.0,YES
system_design_architecture,63,20,1.07,1.133,17.5,8,4,18.0,8,0.55,18,0.96,YES
data_centers,20,8,2.82,2.793,50.0,7,7,30.0,9,1.72,1,,YES
transistors_logic,24,14,1.7,1.531,29.2,7,3,43.0,11,2.2,6,1.85,YES
cpu_gpu_architecture,52,17,1.11,1.257,19.2,7,5,30.0,15,1.01,8,2.27,YES
ai_power_energy,20,12,1.19,1.528,30.0,6,6,50.0,8,1.9,2,,YES
memory_storage,44,31,1.0,1.124,15.9,6,6,29.0,17,0.9,13,1.0,YES
algorithms_visualized,60,17,0.99,0.931,15.0,6,3,0.0,5,1.43,46,0.8,YES
local_ai_hardware_bench,35,15,0.96,1.155,20.0,5,4,43.0,12,1.06,5,0.54,YES
electronics_motors_engineering,35,19,0.86,0.91,20.0,5,5,43.0,14,0.79,7,0.27,YES
how_its_made_factory,11,6,5.46,2.302,63.6,5,4,57.0,7,5.46,2,,YES
generative_images_video,16,10,1.33,1.17,37.5,4,4,0.0,0,,7,0.1,YES
os_lowlevel,44,18,0.97,1.001,15.9,4,3,14.0,11,1.05,12,2.39,YES
llm_from_scratch_code,18,9,1.01,1.313,22.2,3,1,0.0,3,,6,4.75,YES
diy_hardware_builds,15,6,1.0,1.383,33.3,3,3,0.0,3,,7,1.75,YES
failures_outages_bugs,67,34,0.85,0.983,3.0,2,1,50.0,31,0.78,19,0.87,no
geopolitics_of_tech,16,6,2.14,2.677,43.8,2,2,100.0,13,4.23,1,,no
graphics_engines,12,7,1.29,2.067,41.7,2,2,0.0,0,,6,1.02,no
compression_crypto,18,10,0.94,1.248,16.7,2,1,0.0,5,0.54,9,0.61,no
emerging_compute_hardware,18,12,1.02,0.971,11.1,2,2,50.0,6,1.21,2,,no
chip_fab_lithography,10,3,1.37,1.505,40.0,1,1,25.0,4,,0,,no
info_theory_number_systems,14,11,0.8,0.865,0.0,0,0,,3,,6,1.01,no
