topic,n_small(<5k),channels,share_10k+_%,base_%,lift_vs_base,channels_with_10k+,median_views,p90_views
generative_images_video,8,5,37.5,7.7,4.89,2,5911,70002
chip_fab_lithography,8,1,25.0,7.7,3.26,1,3757,22909
emerging_compute_hardware,8,6,25.0,7.7,3.26,2,2817,27285
local_ai_hardware_bench,9,5,22.2,7.7,2.9,1,1853,12492
data_centers,19,7,15.8,7.7,2.06,3,1685,10619
memory_storage,15,12,13.3,7.7,1.74,2,1938,8111
ai_power_energy,15,7,13.3,7.7,1.74,2,1426,8099
devtools_langs_news,75,17,12.0,7.7,1.56,6,1260,12123
electronics_motors_engineering,22,10,9.1,7.7,1.18,1,972,4968
algorithms_visualized,11,6,9.1,7.7,1.18,1,520,4946
ai_industry_news,39,14,7.7,7.7,1.0,3,1299,8091
transistors_logic,13,6,7.7,7.7,1.0,1,1015,3780
computing_history_companies,23,9,4.3,7.7,0.57,1,502,1676
neural_net_basics,25,10,4.0,7.7,0.52,1,473,6358
physical_networks,38,15,2.6,7.7,0.34,1,740,4839
llm_internals,81,13,2.5,7.7,0.32,2,675,4348
os_lowlevel,24,8,0.0,7.7,0.0,0,1046,3602
failures_outages_bugs,16,11,0.0,7.7,0.0,0,333,3278
system_design_architecture,11,9,0.0,7.7,0.0,0,407,2989
cpu_gpu_architecture,26,7,0.0,7.7,0.0,0,905,3112
