feature,comp_n,comp_channels,comp_effect_x,small_n,small_channels,small_effect_x,same_direction
number_in_title,195,33.0,0.91,571,67.0,1.03,NO
dollar_amount,12,7.0,1.24,28,12.0,1.05,yes
year_in_title,19,12.0,0.81,59,25.0,0.88,yes
question_mark,109,27.0,0.93,167,49.0,1.02,NO
starts_how,94,21.0,1.11,118,40.0,1.16,yes
has_why,43,19.0,1.61,59,26.0,0.92,NO
has_what,43,17.0,0.93,57,24.0,1.29,NO
explained,36,16.0,1.27,189,39.0,1.35,yes
from_scratch,4,,,24,6.0,1.22,n/a
first_person_build,19,9.0,1.01,46,20.0,1.03,yes
versus,10,7.0,1.44,54,28.0,1.59,yes
brand_noun,118,26.0,1.21,237,45.0,1.32,yes
threat_or_problem,91,27.0,1.29,84,40.0,0.88,NO
secret_or_hidden,48,22.0,1.39,71,29.0,1.14,yes
superlative,59,24.0,1.01,152,46.0,1.22,yes
colon_subtitle,242,29.0,0.88,691,69.0,1.12,NO
parenthetical,97,24.0,0.87,217,52.0,1.16,NO
ai_word,146,23.0,1.05,271,42.0,1.11,yes
physical_word,39,13.0,0.98,175,47.0,1.68,NO
second_person,39,18.0,0.94,110,43.0,0.8,yes
ellipsis_or_excl,69,17.0,0.97,112,28.0,1.11,NO
len_long,172,25.0,0.99,636,70.0,1.15,NO
len_short,241,34.0,1.08,151,39.0,0.69,NO
has_caps_word,158,31.0,1.12,514,70.0,1.3,yes
chip_fab_lithography,2,,,11,2.0,0.57,n/a
transistors_logic,7,,,17,8.0,1.3,n/a
cpu_gpu_architecture,8,6.0,1.79,65,14.0,1.43,yes
memory_storage,17,11.0,0.75,30,23.0,1.92,NO
data_centers,1,,,20,8.0,3.15,n/a
ai_power_energy,3,,,18,10.0,1.53,n/a
physical_networks,20,12.0,1.04,96,23.0,1.33,yes
local_ai_hardware_bench,7,,,41,13.0,1.51,n/a
diy_hardware_builds,4,,,12,5.0,1.42,n/a
llm_internals,64,14.0,1.75,128,19.0,1.22,yes
neural_net_basics,23,11.0,0.83,34,13.0,1.01,NO
generative_images_video,6,,,10,6.0,2.7,n/a
ai_industry_news,52,17.0,1.36,59,20.0,1.45,yes
llm_from_scratch_code,4,,,15,7.0,1.03,n/a
algorithms_visualized,26,6.0,1.11,34,11.0,0.8,NO
compression_crypto,14,8.0,1.04,6,,,n/a
os_lowlevel,12,6.0,1.04,33,13.0,0.93,NO
graphics_engines,2,,,18,6.0,3.97,n/a
failures_outages_bugs,50,22.0,1.13,18,13.0,0.66,NO
computing_history_companies,26,13.0,1.04,61,17.0,1.08,yes
security_hacking,7,,,0,,,n/a
geopolitics_of_tech,6,,,10,3.0,4.64,n/a
system_design_architecture,50,10.0,1.14,20,14.0,0.93,NO
devtools_langs_news,34,14.0,0.85,116,29.0,1.12,NO
electronics_motors_engineering,4,,,53,20.0,1.08,n/a
emerging_compute_hardware,6,,,12,9.0,0.85,n/a
info_theory_number_systems,9,7.0,1.02,5,,,n/a
how_its_made_factory,1,,,11,6.0,2.11,n/a
