channelId,title,subs,videos,country,median_views_recent30
UC9-y-6csu5WGm29I7JiwpnA,Computerphile,2640000,923,,67949
UC_ML5xP23TOWKUcc-oAE_Eg,Hussein Nasser,522000,1034,US,5985
UC1LpsuAUaKoMzzJSEt5WImw,Asianometry,965000,725,US,205338
UC8ENHE5xdFSwx71u3fDH5Xw,ThePrimeagen,550000,109,US,212827
UCZHmQk67mSJgfCCTn7xBfew,Yannic Kilcher,332000,485,CH,32187
UCDzVUXiTr3hClI-zzCWbYzg,Spanning Tree,268000,31,US,196598
UCBa659QWEk1AI4Tg--mrJ2A,Tom Scott,6740000,760,,1286868
UCR1D15p_vdP3HkrH8wgjQRw,Internet Historian,3980000,47,AU,8918983
UCtYLUTtgS3k1Fg4y5tAhLbw,StatQuest with Josh Starmer,1700000,301,US,
UCotwjyJnb-4KW7bmsOoLfkg,Art of the Problem,392000,174,CA,276944
UCbRP3c757lWg9M-U7TyEkXA,Theo - t3․gg,570000,1174,US,
UCbfYPyITQ-7l4upoX8nvctg,Two Minute Papers,1840000,1100,HU,125194
UC3kf-QFT6FZzDk9JsPg8Svg,Hello Interview,262000,130,,88788
UCRPMAqdtSgd0Ipeef7iFsKw,Gaurav Sen,762000,456,IN,22330
UCXUPKJO5MZQN11PqgIvyuvQ,Andrej Karpathy,1720000,17,US,1197319
UC4QZ_LsYcvcq7qOsOhpAX4A,ColdFusion,5250000,586,AU,904351
UC9RM-iSvTu1uPJb8X5yp3EQ,Wendover Productions,4920000,289,US,1061910
UC6biysICWOJ-C3P4Tyeggzg,Low Level,1170000,396,US,306531
UCrsLPlwxUInDoNubOP85EWQ,Coderized,185000,5,GB,1220597
UCNJ1Ymd5yFuUPtn21xtRbbw,AI Explained,454000,161,GB,99533
UCNzszbnvQeFzObW0ghk0Ckw,Dave's Garage,1150000,563,US,178569
UCZgt6AzoyjslHTC9dz0UoTw,ByteByteGo,1430000,170,,94315
UC1r0DG-KEPyqOeW6o79PByw,TechTechPotato,150000,606,GB,20237
UCm8EsftbfNzSiRHzc7I59KQ,Kevin Fang,206000,30,US,511189
UCK8XIGR5kRidIw2fWqwyHRA,Reducible,337000,23,US,379861
UConVfxXodg78Tzh5nNu85Ew,Welch Labs,910000,155,,439001
UCR1IuLEqb6UEA_zQ81kwXfg,Real Engineering,5120000,296,US,1587449
UCsBjURrPoezykLs9EqgamOA,Fireship,4290000,850,US,1226051
UCdp4_l1vPmpN-gDbUwhaRUQ,Branch Education,2760000,68,US,1988702
UCR-DXc1voovS8nhAvccRZhg,Jeff Geerling,1090000,581,US,322606
UCAK3X_yAuxrQo_6q_mzPK8w,Practical Engineering Australia,212,17,AU,
UClcE-kVhqyiHCcjYwcpfj9w,LiveOverflow,946000,459,US,68953
UCwpHKudUkP5tNgmMdexB3ow,Mentour Pilot,2520000,814,GB,1034101
UCgBncpylJ1kiVaPyP-PZauQ,Luis Serrano Academy,197000,100,US,
UCaSCt8s_4nfkRglWCvNSDrg,CodeAesthetic,439000,8,US,1094372
UCYO_jab_esuFRV4b17AJtAw,3Blue1Brown,8680000,245,US,2067976
UCMF7C3hqyVA4bvTb0x0cdHw,The Company Man,393000,1435,US,
