feature,within_channel_r,views_x_when_high_vs_low,n_high,n_low,p_perm,q_BH
edge_density,0.041,1.115,518,559,0.0466,0.2175
saturation,0.017,1.196,567,599,0.4244,0.745
dark_bg,0.009,1.133,481,457,0.6775,0.8767
warm_share,0.009,1.046,499,576,0.7002,0.8767
cool_share,0.004,1.127,502,570,0.8441,0.8767
brightness,-0.003,1.046,571,569,0.8767,0.8767
palette_size90,-0.003,1.047,474,569,0.8621,0.8767
white_share,-0.011,1.077,442,441,0.6009,0.8767
colourfulness,-0.018,0.933,521,574,0.4257,0.745
centre_vs_sides,-0.018,0.937,496,517,0.4024,0.745
contrast,-0.025,0.873,577,567,0.2592,0.7258
vivid_share,-0.027,0.921,387,366,0.2172,0.7258
black_share,-0.043,0.862,522,556,0.0393,0.2175
light_bg,-0.045,1.049,275,155,0.0333,0.2175
