title_feature,n_with,channels_with,pct_of_videos,mult_with(median),mult_without(median),effect_x(mult),ci90_lo,ci90_hi,hit_rate_with_%,hit_rate_without_%,channels_with_3x_hit,p_perm,q_BH
from_scratch,32,12,1.4,2.23,1.0,1.88,1.106,5.672,43.8,19.7,11,0.006,0.0288
physical_word,242,65,10.7,1.45,0.99,1.754,1.471,2.144,34.3,18.3,42,0.0005,0.003
versus,67,36,3.0,1.23,1.0,1.602,1.095,2.252,37.3,19.5,14,0.01,0.036
explained,249,57,11.0,1.34,0.99,1.398,1.208,1.624,30.1,18.8,36,0.0005,0.003
brand_noun,373,72,16.5,1.11,0.99,1.349,1.125,1.569,25.2,19.0,40,0.0005,0.003
has_caps_word,705,103,31.2,1.14,0.97,1.237,1.112,1.384,25.0,17.8,67,0.0005,0.003
secret_or_hidden,125,53,5.5,1.44,1.0,1.211,0.985,1.537,22.4,19.9,20,0.1034,0.2482
ai_word,440,65,19.5,1.02,1.0,1.135,1.016,1.278,21.8,19.6,40,0.03,0.08
starts_how,220,62,9.7,1.09,1.0,1.128,0.985,1.302,20.5,20.0,28,0.1839,0.3395
len_long,848,97,37.5,1.06,0.99,1.123,1.009,1.241,24.1,17.6,68,0.0175,0.0525
superlative,218,70,9.7,1.15,1.0,1.122,0.978,1.295,24.8,19.5,27,0.1739,0.3395
has_what,103,43,4.6,1.08,1.0,1.117,0.926,1.344,25.2,19.8,19,0.3818,0.5727
dollar_amount,42,19,1.9,1.21,1.0,1.107,0.867,1.477,19.0,20.1,7,0.6427,0.7213
ellipsis_or_excl,187,45,8.3,1.03,1.0,1.078,0.905,1.248,18.7,20.2,15,0.3688,0.5727
first_person_build,70,31,3.1,1.07,1.0,1.076,0.763,1.457,18.6,20.1,9,0.6612,0.7213
colon_subtitle,976,98,43.2,1.01,1.0,1.055,0.942,1.16,21.9,18.6,72,0.2614,0.4481
threat_or_problem,179,68,7.9,1.06,1.0,1.052,0.902,1.208,17.3,20.3,23,0.5727,0.7213
parenthetical,327,78,14.5,1.01,1.0,1.045,0.896,1.272,19.0,20.2,36,0.5492,0.7213
has_why,103,45,4.6,1.01,1.0,1.031,0.809,1.307,22.3,19.9,16,0.8001,0.8349
question_mark,291,77,12.9,1.0,1.0,1.0,0.848,1.175,22.3,19.7,36,0.9975,0.9975
number_in_title,795,101,35.2,1.01,1.0,0.975,0.891,1.069,20.9,19.6,62,0.6367,0.7213
second_person,156,62,6.9,0.86,1.0,0.917,0.739,1.177,21.8,19.9,23,0.5017,0.7083
len_short,401,75,17.8,0.98,1.01,0.862,0.751,0.964,15.0,21.2,36,0.0105,0.036
year_in_title,78,37,3.5,1.0,1.0,0.807,0.56,1.087,21.8,20.0,10,0.1829,0.3395
