topic,n_with,channels_with,pct_of_videos,mult_with(median),mult_without(median),effect_x(mult),ci90_lo,ci90_hi,hit_rate_with_%,hit_rate_without_%,channels_with_3x_hit,p_perm,q_BH
data_centers,25,10,1.1,3.59,1.0,4.459,2.218,10.658,56.0,19.7,8,0.0005,0.0022
geopolitics_of_tech,17,7,0.8,2.41,1.0,3.331,1.225,7.06,47.1,19.8,3,0.0005,0.0022
graphics_engines,22,10,1.0,4.44,1.0,3.013,1.322,4.389,59.1,19.7,3,0.0005,0.0022
how_its_made_factory,13,7,0.6,5.91,1.0,2.086,1.164,7.77,69.2,19.8,6,0.088,0.216
transistors_logic,26,14,1.2,1.87,1.0,1.648,1.019,2.298,30.8,19.9,7,0.0395,0.1066
local_ai_hardware_bench,52,20,2.3,1.14,1.0,1.635,1.23,2.181,36.5,19.7,10,0.0055,0.0212
cpu_gpu_architecture,86,22,3.8,1.34,1.0,1.598,1.219,2.21,30.2,19.7,12,0.0005,0.0022
physical_networks,127,38,5.6,1.46,1.0,1.582,1.195,2.019,31.5,19.4,21,0.0005,0.0022
llm_from_scratch_code,21,12,0.9,1.02,1.0,1.501,0.786,3.78,28.6,20.0,5,0.1644,0.3699
memory_storage,58,35,2.6,1.32,1.0,1.492,1.041,2.135,29.3,19.8,13,0.0145,0.0435
llm_internals,211,35,9.3,1.23,1.0,1.466,1.265,1.737,23.7,19.7,23,0.0005,0.0022
generative_images_video,19,12,0.8,1.5,1.0,1.444,0.551,3.842,36.8,19.9,4,0.2719,0.4673
diy_hardware_builds,18,7,0.8,1.12,1.0,1.435,0.66,2.148,38.9,19.9,3,0.2574,0.4673
compression_crypto,21,12,0.9,1.0,1.0,1.4,0.924,2.323,23.8,20.0,4,0.2439,0.4673
ai_power_energy,21,13,0.9,1.32,1.0,1.392,0.982,2.183,33.3,19.9,7,0.2769,0.4673
ai_industry_news,113,37,5.0,1.04,1.0,1.309,1.034,1.652,25.7,19.8,19,0.0135,0.0435
neural_net_basics,62,25,2.7,1.0,1.0,1.154,0.832,1.599,24.2,19.9,11,0.3928,0.6239
system_design_architecture,73,25,3.2,1.09,1.0,1.122,0.876,1.443,21.9,20.0,11,0.4243,0.6365
devtools_langs_news,153,45,6.8,1.02,1.0,1.033,0.819,1.294,20.3,20.0,19,0.7551,0.9267
os_lowlevel,47,20,2.1,1.0,1.0,1.031,0.746,1.469,19.1,20.1,5,0.8611,0.967
chip_fab_lithography,16,5,0.7,1.37,1.0,1.028,0.068,2.857,43.8,19.9,2,0.9555,0.967
computing_history_companies,87,30,3.9,1.11,1.0,1.025,0.762,1.267,25.3,19.8,10,0.8361,0.967
algorithms_visualized,64,19,2.8,1.13,1.0,1.005,0.77,1.295,20.3,20.0,8,0.967,0.967
electronics_motors_engineering,59,23,2.6,0.96,1.0,0.98,0.686,1.296,25.4,19.9,7,0.8981,0.967
failures_outages_bugs,68,35,3.0,0.84,1.0,0.94,0.789,1.095,2.9,20.6,2,0.6232,0.8392
emerging_compute_hardware,18,12,0.8,1.02,1.0,0.858,0.429,1.631,11.1,20.1,2,0.6527,0.8392
info_theory_number_systems,15,12,0.7,0.83,1.0,0.802,0.614,1.02,0.0,20.2,0,0.5032,0.7151
